"","OID_","Value","Count","BPS_CODE","ZONE","BPS_MODEL","BPS_NAME","GROUPVEG","FRI_REPLAC","FRI_MIXED","FRI_SURFAC","FRI_ALLFIR","PRC_REPLAC","PRC_MIXED","PRC_SURFAC","FRG_NEW","R","G","B","RED","GREEN","BLUE","SI_FRG"
"1",2,-1111,3789,-1111,-1111,"-1111","Fill-Not Mapped","Fill-Not Mapped",-9999,-9999,-9999,-9999,-9999,-9999,-9999,"-9999",111,111,111,0.435294,0.435294,0.435294,"NA"
"2",3,11,22609618,11,0,"0","Open Water","Open Water",-9999,-9999,-9999,-9999,-9999,-9999,-9999,"-9999",0,0,255,0,0,1,"NA"
"3",5,31,72421,31,0,"0","Barren-Rock/Sand/Clay","Barren-Rock/Sand/Clay",-9999,-9999,-9999,-9999,-9999,-9999,-9999,"-9999",191,191,191,0.74902,0.74902,0.74902,"NA"
"4",1126,1561,22319266,13022,50,"13022_41_50_51","Laurentian-Acadian Northern Hardwoods Forest-Hemlock","Hardwood",2040,-9999,-9999,2040,100,-9999,-9999,"V-B",76,230,0,0.298039,0.901961,0,"Rare"
"5",1127,1562,14405439,13022,50,"13022_41_50_51","Laurentian-Acadian Northern Hardwoods Forest-Hemlock","Hardwood",2040,-9999,-9999,2040,100,-9999,-9999,"V-B",76,230,150,0.298039,0.901961,0.588235,"Rare"
"6",1128,1563,2540281,13100,50,"13100_44_50","North-Central Interior Dry-Mesic Oak Forest and Woodland","Hardwood",123,49,76,24,20,48,32,"I-C",176,163,222,0.690196,0.639216,0.870588,"Frequent"
"7",1129,1564,273514,13110,50,"13110_50","North-Central Interior Dry Oak Forest and Woodland","Hardwood",104,98,19,14,14,14,72,"I-B",179,207,143,0.701961,0.811765,0.560784,"Frequent"
"8",1130,1565,908209,13130,50,"13130_47_50_51","North-Central Interior Beech-Maple Forest","Hardwood",1004,-9999,836,456,45,-9999,55,"V-A",0,156,44,0,0.611765,0.172549,"Rare"
"9",1131,1566,7646143,13140,50,"13140_38_39_40_41_42_43_44_50","North-Central Interior Maple-Basswood Forest","Hardwood",1027,-9999,857,467,46,-9999,54,"V-A",237,161,102,0.929412,0.631373,0.4,"Rare"
"10",1132,1568,1045522,13651,50,"13651_40_41_50","Boreal White Spruce-Fir-Hardwood Forest-Inland","Conifer",250,1468,-9999,213,85,15,-9999,"V-A",147,194,114,0.576471,0.760784,0.447059,"Rare"
"11",1133,1569,2410596,13660,50,"13660_50","Laurentian-Acadian Pine-Hemlock-Hardwood Forest","Hardwood-Conifer",483,1018,291,154,32,15,53,"III-B",208,255,99,0.815686,1,0.388235,"Intermediate"
"12",1134,1570,31924628,13940,50,"13940_50_51","North-Central Interior Oak Savanna","Hardwood",66,184,5,5,7,3,90,"I-A",230,213,138,0.901961,0.835294,0.541176,"Frequent"
"13",1135,1571,2946422,13950,50,"13950_50","North-Central Oak Barrens","Hardwood",53,143,6,5,9,4,87,"I-A",255,235,176,1,0.921569,0.690196,"Frequent"
"14",1136,1572,1962167,14071,50,"14071_41_50_51","Laurentian Pine-Oak Barrens","Hardwood-Conifer",109,75,5,4,4,6,90,"I-A",153,66,0,0.6,0.258824,0,"Frequent"
"15",1137,1573,1047188,14072,50,"14072_41_50_51","Laurentian Pine-Oak Barrens-Jack Pine","Conifer",25,46,18,8,34,18,48,"I-B",153,66,100,0.6,0.258824,0.392157,"Frequent"
"16",1138,1574,69886,14090,50,"14090_50_64","Great Lakes Alvar","Conifer",439,3247,-9999,387,88,12,-9999,"V-A",227,235,117,0.890196,0.921569,0.458824,"Rare"
"17",1139,1575,2171874,14120,50,"14120_39_40_41_42_43_50_51","North-Central Interior Sand and Gravel Tallgrass Prairie","Grassland",4,-9999,87,3,96,-9999,4,"II-A",214,0,157,0.839216,0,0.615686,"Frequent"
"18",1140,1576,5921284,14210,50,"14210_31_38_42_43_44_50_51","Central Tallgrass Prairie","Grassland",4,-9999,-9999,4,100,-9999,-9999,"II-A",232,255,196,0.909804,1,0.768627,"Frequent"
"19",1141,1577,56467,14440,50,"14440_41_50_51","Eastern Boreal Floodplain","Hardwood",-9999,581,312,203,-9999,35,65,"V-A",69,69,156,0.270588,0.270588,0.611765,"Rare"
"20",1142,1578,183444,14660,50,"14660_50_51","Great Lakes Wooded Dune and Swale","Riparian",3715,536,-9999,468,13,87,-9999,"V-A",181,0,0,0.709804,0,0,"Rare"
"21",1143,1579,1345321,14710,50,"14710_41_50","Central Interior and Appalachian Floodplain Systems","Riparian",-9999,432,67,58,-9999,14,86,"III-A",0,191,176,0,0.74902,0.690196,"Intermediate"
"22",1144,1580,815627,14750,50,"14750_41_50_51_63_64_65_66","Laurentian-Acadian Floodplain Systems","Riparian",-9999,435,68,59,-9999,14,86,"III-A",122,143,245,0.478431,0.560784,0.960784,"Intermediate"
"23",1145,1581,9075879,14770,50,"14770_40_41_50_51","Boreal Acidic Peatland Systems","Riparian",716,-9999,123,105,15,-9999,85,"III-B",106,0,138,0.415686,0,0.541176,"Intermediate"
"24",1146,1582,1470098,14790,50,"14790_41_42_47_48_50_51_53","Central Interior and Appalachian Swamp Systems","Riparian",987,-9999,-9999,987,100,-9999,-9999,"V-B",207,61,255,0.811765,0.239216,1,"Rare"
"25",1147,1583,5206110,14810,50,"14810_41_50_51_63","Laurentian-Acadian Alkaline Conifer-Hardwood Swamp","Riparian",989,-9999,-9999,989,100,-9999,-9999,"V-B",232,189,255,0.909804,0.741176,1,"Rare"
"26",1148,1584,273493,14920,50,"14920_41_50_51_52_63","Great Lakes Coastal Marsh Systems","Riparian",-9999,-9999,-9999,-9999,-9999,-9999,-9999,"-9999",122,245,202,0.478431,0.960784,0.792157,"NA"
"27",1149,1585,1312407,14930,50,"14930_41_42_44_50","Central Interior and Appalachian Shrub-Herbaceous Wetland Systems","Riparian",17,-9999,-9999,17,100,-9999,-9999,"II-C",240,150,20,0.941176,0.588235,0.078431,"Frequent"
"28",1150,1586,944927,14940,50,"14940_41_50_51","Laurentian-Acadian Shrub-Herbaceous Wetland Systems","Riparian",18,-9999,-9999,18,100,-9999,-9999,"II-C",0,168,107,0,0.658824,0.419608,"Frequent"
"29",1151,1587,4944865,15170,50,"15170_42_49_50","Paleozoic Plateau Bluff and Talus","Hardwood-Conifer",15,126,102,12,79,9,12,"II-B",106,117,0,0.415686,0.458824,0,"Frequent"
"30",1152,1588,15599773,13022,41,"13022_41_50_51","Laurentian-Acadian Northern Hardwoods Forest-Hemlock","Hardwood",2040,-9999,-9999,2040,100,-9999,-9999,"V-B",76,230,0,0.298039,0.901961,0,"Rare"
"31",1153,1589,1736311,13022,41,"13022_41_50_51","Laurentian-Acadian Northern Hardwoods Forest-Hemlock","Hardwood",2040,-9999,-9999,2040,100,-9999,-9999,"V-B",76,230,150,0.298039,0.901961,0.588235,"Rare"
"32",1154,1590,7138141,13100,41,"13100_41_62","North-Central Interior Dry-Mesic Oak Forest and Woodland","Hardwood",74,56,23,13,18,24,58,"I-B",176,163,222,0.690196,0.639216,0.870588,"Frequent"
"33",1155,1591,12175250,13140,41,"13140_38_39_40_41_42_43_44_50","North-Central Interior Maple-Basswood Forest","Hardwood",1027,-9999,857,467,46,-9999,54,"V-A",237,161,102,0.929412,0.631373,0.4,"Rare"
"34",1156,1592,457321,13310,41,"13310_39_40_41","Eastern Great Plains Tallgrass Aspen Parkland","Hardwood",16,-9999,8,6,35,-9999,65,"I-B",220,240,0,0.862745,0.941176,0,"Frequent"
"35",1157,1593,3460366,13440,41,"13440_41","Boreal Jack Pine-Black Spruce Forest","Conifer",82,-9999,-9999,82,100,-9999,-9999,"IV-A",255,140,140,1,0.54902,0.54902,"Intermediate"
"36",1158,1596,13017646,13651,41,"13651_40_41_50","Boreal White Spruce-Fir-Hardwood Forest-Inland","Conifer",250,1468,-9999,213,85,15,-9999,"V-A",147,194,114,0.576471,0.760784,0.447059,"Rare"
"37",1159,1597,2537169,13652,41,"13652_41","Boreal White Spruce-Fir-Hardwood Forest-Coastal","Conifer",939,1147,-9999,516,55,45,-9999,"V-B",110,137,70,0.431373,0.537255,0.27451,"Rare"
"38",1160,1598,14765199,13653,41,"13653_41","Boreal White Spruce-Fir-Hardwood Forest-Aspen-Birch","Conifer",112,243,-9999,76,68,32,-9999,"III-A",255,255,145,1,1,0.568627,"Intermediate"
"39",1161,1599,8909275,13940,41,"13940_39_40_41","North-Central Interior Oak Savanna","Hardwood",550,165,5,5,1,3,96,"I-A",230,213,138,0.901961,0.835294,0.541176,"Frequent"
"40",1162,1600,2501596,13950,41,"13950_41_42_43_49_52","North-Central Oak Barrens","Hardwood",341,246,5,5,1,2,97,"I-A",255,235,176,1,0.921569,0.690196,"Frequent"
"41",1163,1601,498108,14071,41,"14071_41_50_51","Laurentian Pine-Oak Barrens","Hardwood-Conifer",109,75,5,4,4,6,90,"I-A",153,66,0,0.6,0.258824,0,"Frequent"
"42",1164,1602,11046074,14072,41,"14072_41_50_51","Laurentian Pine-Oak Barrens-Jack Pine","Conifer",25,46,18,8,34,18,48,"I-B",153,66,100,0.6,0.258824,0.392157,"Frequent"
"43",1165,1603,3016992,14120,41,"14120_39_40_41_42_43_50_51","North-Central Interior Sand and Gravel Tallgrass Prairie","Grassland",4,-9999,87,3,96,-9999,4,"II-A",214,0,157,0.839216,0,0.615686,"Frequent"
"44",1166,1604,10630183,14200,41,"14200_41","Northern Tallgrass Prairie","Grassland",4,-9999,-9999,4,100,-9999,-9999,"II-A",184,132,29,0.721569,0.517647,0.113725,"Frequent"
"45",1167,1605,3308127,14440,41,"14440_41_50_51","Eastern Boreal Floodplain","Hardwood",-9999,581,312,203,-9999,35,65,"V-A",69,69,156,0.270588,0.270588,0.611765,"Rare"
"46",1168,1606,777077,14710,41,"14710_41_50","Central Interior and Appalachian Floodplain Systems","Riparian",-9999,432,67,58,-9999,14,86,"III-A",0,191,176,0,0.74902,0.690196,"Intermediate"
"47",1169,1607,2298846,14750,41,"14750_41_50_51_63_64_65_66","Laurentian-Acadian Floodplain Systems","Riparian",-9999,435,68,59,-9999,14,86,"III-A",122,143,245,0.478431,0.560784,0.960784,"Intermediate"
"48",1170,1608,20226923,14770,41,"14770_40_41_50_51","Boreal Acidic Peatland Systems","Riparian",716,-9999,123,105,15,-9999,85,"III-B",106,0,138,0.415686,0,0.541176,"Intermediate"
"49",1171,1609,1102775,14790,41,"14790_41_42_47_48_50_51_53","Central Interior and Appalachian Swamp Systems","Riparian",987,-9999,-9999,987,100,-9999,-9999,"V-B",207,61,255,0.811765,0.239216,1,"Rare"
"50",1172,1610,5172351,14810,41,"14810_41_50_51_63","Laurentian-Acadian Alkaline Conifer-Hardwood Swamp","Riparian",989,-9999,-9999,989,100,-9999,-9999,"V-B",232,189,255,0.909804,0.741176,1,"Rare"
"51",1173,1611,2262,14920,41,"14920_41_50_51_52_63","Great Lakes Coastal Marsh Systems","Riparian",-9999,-9999,-9999,-9999,-9999,-9999,-9999,"-9999",122,245,202,0.478431,0.960784,0.792157,"NA"
"52",1174,1612,2605159,14930,41,"14930_41_42_44_50","Central Interior and Appalachian Shrub-Herbaceous Wetland Systems","Riparian",17,-9999,-9999,17,100,-9999,-9999,"II-C",240,150,20,0.941176,0.588235,0.078431,"Frequent"
"53",1175,1613,4417560,14940,41,"14940_41_50_51","Laurentian-Acadian Shrub-Herbaceous Wetland Systems","Riparian",18,-9999,-9999,18,100,-9999,-9999,"II-C",0,168,107,0,0.658824,0.419608,"Frequent"
"54",1176,1614,23634064,13022,51,"13022_41_50_51","Laurentian-Acadian Northern Hardwoods Forest-Hemlock","Hardwood",2040,-9999,-9999,2040,100,-9999,-9999,"V-B",76,230,0,0.298039,0.901961,0,"Rare"
"55",1177,1615,10452969,13022,51,"13022_41_50_51","Laurentian-Acadian Northern Hardwoods Forest-Hemlock","Hardwood",2040,-9999,-9999,2040,100,-9999,-9999,"V-B",76,230,150,0.298039,0.901961,0.588235,"Rare"
"56",1178,1616,457795,13023,51,"13023_51","Laurentian-Acadian Northern Hardwoods Forest-Northern Sugar Maple-Basswood","Hardwood",1016,-9999,-9999,1016,100,-9999,-9999,"V-B",38,105,0,0.14902,0.411765,0,"Rare"
"57",1179,1617,8359463,13100,51,"13100_51","North-Central Interior Dry-Mesic Oak Forest and Woodland","Hardwood",161,160,11,9,6,6,88,"I-B",176,163,222,0.690196,0.639216,0.870588,"Frequent"
"58",1180,1618,3073323,13110,51,"13110_51","North-Central Interior Dry Oak Forest and Woodland","Hardwood",137,111,11,9,7,8,85,"I-B",179,207,143,0.701961,0.811765,0.560784,"Frequent"
"59",1181,1619,28572676,13130,51,"13130_47_50_51","North-Central Interior Beech-Maple Forest","Hardwood",1004,-9999,836,456,45,-9999,55,"V-A",0,156,44,0,0.611765,0.172549,"Rare"
"60",1182,1620,2945141,13441,51,"13441_51","Boreal Jack Pine-Black Spruce Forest-Pine Barrens","Conifer",34,64,7,5,15,8,77,"I-A",255,140,140,1,0.54902,0.54902,"Frequent"
"61",1183,1621,301243,13442,51,"13442_51","Boreal Jack Pine-Black Spruce Forest-Spruce-Fir","Conifer",112,-9999,-9999,112,100,-9999,-9999,"IV-B",135,200,114,0.529412,0.784314,0.447059,"Intermediate"
"62",1184,1622,14312668,13620,51,"13620_51_63_64_65_66","Laurentian-Acadian Northern Pine(-Oak) Forest","Hardwood-Conifer",309,447,65,48,16,11,73,"III-A",255,191,191,1,0.74902,0.74902,"Intermediate"
"63",1185,1623,5701033,13651,51,"13651_51","Boreal White Spruce-Fir-Hardwood Forest-Inland","Conifer",490,524,-9999,253,52,48,-9999,"V-A",147,194,114,0.576471,0.760784,0.447059,"Rare"
"64",1186,1624,3311834,13652,51,"13652_51","Boreal White Spruce-Fir-Hardwood Forest-Coastal","Conifer",872,1306,-9999,523,60,40,-9999,"V-B",110,137,70,0.431373,0.537255,0.27451,"Rare"
"65",1187,1625,8648918,13660,51,"13660_51_63_64_65_66","Laurentian-Acadian Pine-Hemlock-Hardwood Forest","Hardwood-Conifer",482,998,289,153,32,15,53,"III-B",208,255,99,0.815686,1,0.388235,"Intermediate"
"66",1188,1626,1060087,13940,51,"13940_50_51","North-Central Interior Oak Savanna","Hardwood",66,184,5,5,7,3,90,"I-A",230,213,138,0.901961,0.835294,0.541176,"Frequent"
"67",1189,1627,6853868,13950,51,"13950_51","North-Central Oak Barrens","Hardwood",49,180,6,5,10,3,87,"I-A",255,235,176,1,0.921569,0.690196,"Frequent"
"68",1190,1628,4695041,14071,51,"14071_41_50_51","Laurentian Pine-Oak Barrens","Hardwood-Conifer",109,75,5,4,4,6,90,"I-A",153,66,0,0.6,0.258824,0,"Frequent"
"69",1191,1629,611876,14072,51,"14072_41_50_51","Laurentian Pine-Oak Barrens-Jack Pine","Conifer",25,46,18,8,34,18,48,"I-B",153,66,100,0.6,0.258824,0.392157,"Frequent"
"70",1192,1630,637888,14110,51,"14110_49_51_52","Great Lakes Wet-Mesic Lakeplain Prairie","Riparian",24,-9999,-9999,24,100,-9999,-9999,"II-C",235,255,0,0.921569,1,0,"Frequent"
"71",1193,1631,311396,14120,51,"14120_39_40_41_42_43_50_51","North-Central Interior Sand and Gravel Tallgrass Prairie","Grassland",4,-9999,87,3,96,-9999,4,"II-A",214,0,157,0.839216,0,0.615686,"Frequent"
"72",1194,1632,519737,14210,51,"14210_31_38_42_43_44_50_51","Central Tallgrass Prairie","Grassland",4,-9999,-9999,4,100,-9999,-9999,"II-A",232,255,196,0.909804,1,0.768627,"Frequent"
"73",1195,1633,405140,14440,51,"14440_41_50_51","Eastern Boreal Floodplain","Hardwood",-9999,581,312,203,-9999,35,65,"V-A",69,69,156,0.270588,0.270588,0.611765,"Rare"
"74",1196,1634,62226,14660,51,"14660_50_51","Great Lakes Wooded Dune and Swale","Riparian",3715,536,-9999,468,13,87,-9999,"V-A",181,0,0,0.709804,0,0,"Rare"
"75",1197,1635,4817242,14710,51,"14710_51_62","Central Interior and Appalachian Floodplain Systems","Riparian",-9999,429,67,58,-9999,14,86,"III-A",0,191,176,0,0.74902,0.690196,"Intermediate"
"76",1198,1636,1160080,14750,51,"14750_41_50_51_63_64_65_66","Laurentian-Acadian Floodplain Systems","Riparian",-9999,435,68,59,-9999,14,86,"III-A",122,143,245,0.478431,0.560784,0.960784,"Intermediate"
"77",1199,1637,6256178,14770,51,"14770_40_41_50_51","Boreal Acidic Peatland Systems","Riparian",716,-9999,123,105,15,-9999,85,"III-B",106,0,138,0.415686,0,0.541176,"Intermediate"
"78",1200,1638,2561094,14790,51,"14790_41_42_47_48_50_51_53","Central Interior and Appalachian Swamp Systems","Riparian",987,-9999,-9999,987,100,-9999,-9999,"V-B",207,61,255,0.811765,0.239216,1,"Rare"
"79",1201,1639,16962669,14810,51,"14810_41_50_51_63","Laurentian-Acadian Alkaline Conifer-Hardwood Swamp","Riparian",989,-9999,-9999,989,100,-9999,-9999,"V-B",232,189,255,0.909804,0.741176,1,"Rare"
"80",1202,1640,193347,14920,51,"14920_41_50_51_52_63","Great Lakes Coastal Marsh Systems","Riparian",-9999,-9999,-9999,-9999,-9999,-9999,-9999,"-9999",122,245,202,0.478431,0.960784,0.792157,"NA"
"81",1203,1641,11953,14940,51,"14940_41_50_51","Laurentian-Acadian Shrub-Herbaceous Wetland Systems","Riparian",18,-9999,-9999,18,100,-9999,-9999,"II-C",0,168,107,0,0.658824,0.419608,"Frequent"
"82",1207,1645,625,11620,40,"11620_31_39_40","Western Great Plains Floodplain Systems","Riparian",250,94,196,51,20,54,26,"III-A",102,153,205,0.4,0.6,0.803922,"Intermediate"
"83",1208,1646,366950,13010,40,"13010_40","Boreal Aspen-Birch Forest","Conifer",82,-9999,-9999,82,100,-9999,-9999,"IV-A",255,245,56,1,0.960784,0.219608,"Intermediate"
"84",1209,1647,903,13020,40,"13020_40","Laurentian-Acadian Northern Hardwoods Forest","Hardwood",2109,-9999,-9999,2109,100,-9999,-9999,"V-B",76,230,0,0.298039,0.901961,0,"Rare"
"85",1210,1648,531024,13140,40,"13140_38_39_40_41_42_43_44_50","North-Central Interior Maple-Basswood Forest","Hardwood",1027,-9999,857,467,46,-9999,54,"V-A",237,161,102,0.929412,0.631373,0.4,"Rare"
"86",1211,1649,1351614,13310,40,"13310_39_40_41","Eastern Great Plains Tallgrass Aspen Parkland","Hardwood",16,-9999,8,6,35,-9999,65,"I-B",220,240,0,0.862745,0.941176,0,"Frequent"
"87",1212,1650,114444,13651,40,"13651_40_41_50","Boreal White Spruce-Fir-Hardwood Forest-Inland","Conifer",250,1468,-9999,213,85,15,-9999,"V-A",147,194,114,0.576471,0.760784,0.447059,"Rare"
"88",1214,1652,1130534,13940,40,"13940_39_40_41","North-Central Interior Oak Savanna","Hardwood",550,165,5,5,1,3,96,"I-A",230,213,138,0.901961,0.835294,0.541176,"Frequent"
"89",1215,1653,1712522,14120,40,"14120_39_40_41_42_43_50_51","North-Central Interior Sand and Gravel Tallgrass Prairie","Grassland",4,-9999,87,3,96,-9999,4,"II-A",214,0,157,0.839216,0,0.615686,"Frequent"
"90",1216,1654,18714555,14200,40,"14200_39_40_42","Northern Tallgrass Prairie","Grassland",6,-9999,-9999,6,100,-9999,-9999,"II-B",184,132,29,0.721569,0.517647,0.113725,"Frequent"
"91",1217,1655,425790,14690,40,"14690_31_39_40_43","Eastern Great Plains Floodplain Systems","Riparian",517,77,176,48,9,63,28,"III-A",75,170,190,0.294118,0.666667,0.745098,"Intermediate"
"92",1218,1656,2622279,14770,40,"14770_40_41_50_51","Boreal Acidic Peatland Systems","Riparian",716,-9999,123,105,15,-9999,85,"III-B",106,0,138,0.415686,0,0.541176,"Intermediate"
"93",1219,1657,1140427,14820,40,"14820_39_40","Great Plains Prairie Pothole","Grassland",50,-9999,-9999,50,100,-9999,-9999,"IV-A",156,100,163,0.611765,0.392157,0.639216,"Intermediate"
"94",1220,1658,18471,14950,40,"14950_31_39_40","Western Great Plains Depressional Wetland Systems","Riparian",20,-9999,-9999,20,100,-9999,-9999,"II-C",104,0,156,0.407843,0,0.611765,"Frequent"
"95",1225,1663,267752,13100,39,"13100_39","North-Central Interior Dry-Mesic Oak Forest and Woodland","Hardwood",112,43,47,19,17,43,40,"I-C",176,163,222,0.690196,0.639216,0.870588,"Frequent"
"96",1226,1664,35197,13110,39,"13110_39","North-Central Interior Dry Oak Forest and Woodland","Hardwood",77,85,19,13,17,15,68,"I-B",179,207,143,0.701961,0.811765,0.560784,"Frequent"
"97",1227,1665,318774,13140,39,"13140_38_39_40_41_42_43_44_50","North-Central Interior Maple-Basswood Forest","Hardwood",1027,-9999,857,467,46,-9999,54,"V-A",237,161,102,0.929412,0.631373,0.4,"Rare"
"98",1229,1667,2848,13850,39,"13850_31_39_40_42","Western Great Plains Wooded Draw and Ravine","Shrubland",91,65,230,32,36,50,14,"I-C",168,168,0,0.658824,0.658824,0,"Intermediate"
"99",1230,1668,164070,13940,39,"13940_39_40_41","North-Central Interior Oak Savanna","Hardwood",550,165,5,5,1,3,96,"I-A",230,213,138,0.901961,0.835294,0.541176,"Frequent"
"100",1231,1669,1965130,14120,39,"14120_39_40_41_42_43_50_51","North-Central Interior Sand and Gravel Tallgrass Prairie","Grassland",4,-9999,87,3,96,-9999,4,"II-A",214,0,157,0.839216,0,0.615686,"Frequent"
"101",1232,1670,34665998,14200,39,"14200_39_40_42","Northern Tallgrass Prairie","Grassland",6,-9999,-9999,6,100,-9999,-9999,"II-B",184,132,29,0.721569,0.517647,0.113725,"Frequent"
"102",1233,1671,2131001,14690,39,"14690_31_39_40_43","Eastern Great Plains Floodplain Systems","Riparian",517,77,176,48,9,63,28,"III-A",75,170,190,0.294118,0.666667,0.745098,"Intermediate"
"103",1234,1672,489394,14820,39,"14820_39_40","Great Plains Prairie Pothole","Grassland",50,-9999,-9999,50,100,-9999,-9999,"IV-A",156,100,163,0.611765,0.392157,0.639216,"Intermediate"
"104",1527,1965,391122,13100,52,"13100_52","North-Central Interior Dry-Mesic Oak Forest and Woodland","Hardwood",75,47,23,13,17,27,56,"I-B",176,163,222,0.690196,0.639216,0.870588,"Frequent"
"105",1528,1966,19934,13110,52,"13110_52","North-Central Interior Dry Oak Forest and Woodland","Hardwood",149,151,11,9,6,6,88,"I-B",179,207,143,0.701961,0.811765,0.560784,"Frequent"
"106",1529,1967,773799,13130,52,"13130_49_52_62","North-Central Interior Beech-Maple Forest","Hardwood",1026,-9999,852,465,45,-9999,55,"V-A",0,156,44,0,0.611765,0.172549,"Rare"
"107",1530,1968,15090,13940,52,"13940_52","North-Central Interior Oak Savanna","Hardwood",552,187,5,5,1,3,96,"I-A",230,213,138,0.901961,0.835294,0.541176,"Frequent"
"108",1531,1969,223190,13950,52,"13950_41_42_43_49_52","North-Central Oak Barrens","Hardwood",341,246,5,5,1,2,97,"I-A",255,235,176,1,0.921569,0.690196,"Frequent"
"109",1532,1970,17457,14110,52,"14110_49_51_52","Great Lakes Wet-Mesic Lakeplain Prairie","Riparian",24,-9999,-9999,24,100,-9999,-9999,"II-C",235,255,0,0.921569,1,0,"Frequent"
"110",1534,1972,237,14210,52,"14210_49_52","Central Tallgrass Prairie","Grassland",4,-9999,-9999,4,100,-9999,-9999,"II-A",232,255,196,0.909804,1,0.768627,"Frequent"
"111",1535,1973,50448,14710,52,"14710_49_52","Central Interior and Appalachian Floodplain Systems","Riparian",-9999,426,68,59,-9999,14,86,"III-A",0,191,176,0,0.74902,0.690196,"Intermediate"
"112",1536,1974,618116,14790,52,"14790_52_62","Central Interior and Appalachian Swamp Systems","Riparian",989,-9999,-9999,989,100,-9999,-9999,"V-B",207,61,255,0.811765,0.239216,1,"Rare"
"113",1537,1975,53622,14920,52,"14920_41_50_51_52_63","Great Lakes Coastal Marsh Systems","Riparian",-9999,-9999,-9999,-9999,-9999,-9999,-9999,"-9999",122,245,202,0.478431,0.960784,0.792157,"NA"
"114",1538,1976,12185,14930,52,"14930_52_62","Central Interior and Appalachian Shrub-Herbaceous Wetland Systems","Riparian",17,-9999,-9999,17,100,-9999,-9999,"II-C",240,150,20,0.941176,0.588235,0.078431,"Frequent"
"115",1539,1977,72649,15180,52,"15180_43_47_49_52_62_63_64_65","North-Central Interior Wet Flatwoods","Hardwood",993,-9999,-9999,993,100,-9999,-9999,"V-B",211,237,38,0.827451,0.929412,0.14902,"Rare"
"116",1579,2017,1885348,13100,49,"13100_49","North-Central Interior Dry-Mesic Oak Forest and Woodland","Hardwood",75,47,23,13,17,27,56,"I-B",176,163,222,0.690196,0.639216,0.870588,"Frequent"
"117",1580,2018,27679,13110,49,"13110_49","North-Central Interior Dry Oak Forest and Woodland","Hardwood",149,149,11,9,7,6,87,"I-B",179,207,143,0.701961,0.811765,0.560784,"Frequent"
"118",1581,2019,29954,13130,49,"13130_49_52_62","North-Central Interior Beech-Maple Forest","Hardwood",1026,-9999,852,465,45,-9999,55,"V-A",0,156,44,0,0.611765,0.172549,"Rare"
"119",1582,2020,59432,13140,49,"13140_49","North-Central Interior Maple-Basswood Forest","Hardwood",1030,-9999,845,464,45,-9999,55,"V-A",237,161,102,0.929412,0.631373,0.4,"Rare"
"120",1586,2024,240,13940,49,"13940_44_49","North-Central Interior Oak Savanna","Hardwood",550,189,5,5,1,3,96,"I-A",230,213,138,0.901961,0.835294,0.541176,"Frequent"
"121",1589,2027,215,14110,49,"14110_49_51_52","Great Lakes Wet-Mesic Lakeplain Prairie","Riparian",24,-9999,-9999,24,100,-9999,-9999,"II-C",235,255,0,0.921569,1,0,"Frequent"
"122",1590,2028,596,14120,49,"14120_49","North-Central Interior Sand and Gravel Tallgrass Prairie","Grassland",4,-9999,87,3,96,-9999,4,"II-A",214,0,157,0.839216,0,0.615686,"Frequent"
"123",1591,2029,1741801,14210,49,"14210_49_52","Central Tallgrass Prairie","Grassland",4,-9999,-9999,4,100,-9999,-9999,"II-A",232,255,196,0.909804,1,0.768627,"Frequent"
"124",1593,2031,83795,14660,49,"14660_49","Great Lakes Wooded Dune and Swale","Riparian",2663,533,-9999,444,17,83,-9999,"V-A",181,0,0,0.709804,0,0,"Rare"
"125",1595,2033,41315,14710,49,"14710_49_52","Central Interior and Appalachian Floodplain Systems","Riparian",-9999,426,68,59,-9999,14,86,"III-A",0,191,176,0,0.74902,0.690196,"Intermediate"
"126",1596,2034,18679,14720,49,"14720_49","Central Interior and Appalachian Riparian Systems","Riparian",996,-9999,198,165,17,-9999,83,"III-B",36,255,20,0.141176,1,0.078431,"Intermediate"
"127",1597,2035,41,15170,49,"15170_42_49_50","Paleozoic Plateau Bluff and Talus","Hardwood-Conifer",15,126,102,12,79,9,12,"II-B",106,117,0,0.415686,0.458824,0,"Frequent"
"128",1598,2036,7883,15180,49,"15180_43_47_49_52_62_63_64_65","North-Central Interior Wet Flatwoods","Hardwood",993,-9999,-9999,993,100,-9999,-9999,"V-B",211,237,38,0.827451,0.929412,0.14902,"Rare"
"129",1679,2117,9000898,13100,42,"13100_38_42_43","North-Central Interior Dry-Mesic Oak Forest and Woodland","Hardwood",126,50,76,24,19,49,32,"I-C",176,163,222,0.690196,0.639216,0.870588,"Frequent"
"130",1680,2118,182017,13110,42,"13110_42_43","North-Central Interior Dry Oak Forest and Woodland","Hardwood",141,111,11,9,7,8,85,"I-B",179,207,143,0.701961,0.811765,0.560784,"Frequent"
"131",1681,2119,3585341,13140,42,"13140_38_39_40_41_42_43_44_50","North-Central Interior Maple-Basswood Forest","Hardwood",1027,-9999,857,467,46,-9999,54,"V-A",237,161,102,0.929412,0.631373,0.4,"Rare"
"132",1682,2120,114237,13850,42,"13850_31_39_40_42","Western Great Plains Wooded Draw and Ravine","Shrubland",91,65,230,32,36,50,14,"I-C",168,168,0,0.658824,0.658824,0,"Intermediate"
"133",1683,2121,230052,13940,42,"13940_42","North-Central Interior Oak Savanna","Hardwood",530,167,5,5,1,3,96,"I-A",230,213,138,0.901961,0.835294,0.541176,"Frequent"
"134",1684,2122,20177,13950,42,"13950_41_42_43_49_52","North-Central Oak Barrens","Hardwood",341,246,5,5,1,2,97,"I-A",255,235,176,1,0.921569,0.690196,"Frequent"
"135",1685,2123,187996,14120,42,"14120_39_40_41_42_43_50_51","North-Central Interior Sand and Gravel Tallgrass Prairie","Grassland",4,-9999,87,3,96,-9999,4,"II-A",214,0,157,0.839216,0,0.615686,"Frequent"
"136",1686,2124,4055101,14200,42,"14200_39_40_42","Northern Tallgrass Prairie","Grassland",6,-9999,-9999,6,100,-9999,-9999,"II-B",184,132,29,0.721569,0.517647,0.113725,"Frequent"
"137",1687,2125,4557838,14210,42,"14210_31_38_42_43_44_50_51","Central Tallgrass Prairie","Grassland",4,-9999,-9999,4,100,-9999,-9999,"II-A",232,255,196,0.909804,1,0.768627,"Frequent"
"138",1688,2126,598190,14690,42,"14690_38_42_49","Eastern Great Plains Floodplain Systems","Riparian",510,76,177,48,10,63,27,"III-A",75,170,190,0.294118,0.666667,0.745098,"Intermediate"
"139",1689,2127,1763112,14710,42,"14710_42_43","Central Interior and Appalachian Floodplain Systems","Riparian",-9999,-9999,-9999,-9999,-9999,-9999,-9999,"-9999",0,191,176,0,0.74902,0.690196,"NA"
"140",1690,2128,87158,14790,42,"14790_41_42_47_48_50_51_53","Central Interior and Appalachian Swamp Systems","Riparian",987,-9999,-9999,987,100,-9999,-9999,"V-B",207,61,255,0.811765,0.239216,1,"Rare"
"141",1691,2129,23221,14880,42,"14880_38_42_43","Eastern Great Plains Wet Meadow-Prairie-Marsh","Grassland",3,-9999,-9999,3,100,-9999,-9999,"II-A",148,20,51,0.580392,0.078431,0.2,"Frequent"
"142",1692,2130,164849,14930,42,"14930_41_42_44_50","Central Interior and Appalachian Shrub-Herbaceous Wetland Systems","Riparian",17,-9999,-9999,17,100,-9999,-9999,"II-C",240,150,20,0.941176,0.588235,0.078431,"Frequent"
"143",1693,2131,178229,15170,42,"15170_42_49_50","Paleozoic Plateau Bluff and Talus","Hardwood-Conifer",15,126,102,12,79,9,12,"II-B",106,117,0,0.415686,0.458824,0,"Frequent"
"144",1746,2723,1617802,13620,41,"13620_41_50","Laurentian-Acadian Northern Pine(-Oak) Forest","Hardwood-Conifer",355,680,12,11,3,2,95,"I-B",255,191,191,1,0.74902,0.74902,"Frequent"
"145",1747,2724,9730959,13622,41,"13622_41_50","Laurentian-Acadian Northern Pine(-Oak) Forest-Pine Dominated","Hardwood-Conifer",230,-9999,40,34,15,-9999,85,"I-C",255,167,127,1,0.654902,0.498039,"Intermediate"
"146",1748,2725,2200569,13620,50,"13620_41_50","Laurentian-Acadian Northern Pine(-Oak) Forest","Hardwood-Conifer",355,680,12,11,3,2,95,"I-B",255,191,191,1,0.74902,0.74902,"Frequent"
"147",1749,2726,8532583,13622,50,"13622_41_50","Laurentian-Acadian Northern Pine(-Oak) Forest-Pine Dominated","Hardwood-Conifer",230,-9999,40,34,15,-9999,85,"I-C",255,167,127,1,0.654902,0.498039,"Intermediate"
